[{"id":"7dc4054c.b3074c","type":"http request","z":"6ca14e8f.5bc33","name":"","method":"GET","ret":"obj","paytoqs":false,"url":"https://eu-gb.ml.cloud.ibm.com/v3/identity/token","tls":"","proxy":"","authType":"basic","x":385.1666717529297,"y":152.66669368743896,"wires":[["a12b3801.1b9838","62419318.db374c"]]},{"id":"76ed90a9.0f6e7","type":"ui_form","z":"6ca14e8f.5bc33","name":"","label":"","group":"cbdcd7d2.41d198","order":4,"width":0,"height":0,"options":[{"label":"age","value":"age","type":"number","required":true},{"label":"tot_bilirubin","value":"tot_bilirubin","type":"number","required":true},{"label":"direct_bilirubin\t","value":"direct_bilirubin","type":"number","required":true},{"label":"tot_proteins","value":"tot_proteins","type":"number","required":true},{"label":"albumin","value":"albumin","type":"number","required":true},{"label":"ag_ratio","value":"ag_ratio","type":"number","required":true},{"label":"sgpt","value":"sgpt","type":"number","required":true},{"label":"sgot","value":"sgot","type":"number","required":true},{"label":"alkphos","value":"alkphos","type":"number","required":true}],"formValue":{"age":"","tot_bilirubin":"","direct_bilirubin":"","tot_proteins":"","albumin":"","ag_ratio":"","sgpt":"","sgot":"","alkphos":""},"payload":"","submit":"submit","cancel":"cancel","topic":"","x":93.16669082641602,"y":173.3333568572998,"wires":[["f1c53b96.0cfcf8"]]},{"id":"f1c53b96.0cfcf8","type":"function","z":"6ca14e8f.5bc33","name":"parameters","func":"global.set(\"age\",msg.payload.age)\nglobal.set(\"tot_bilirubin\",msg.payload.tot_bilirubin)\nglobal.set(\"direct_bilirubin\",msg.payload.direct_bilirubin)\nglobal.set(\"tot_proteins\",msg.payload.tot_proteins)\nglobal.set(\"albumin\",msg.payload.albumin)\nglobal.set(\"ag_ratio\",msg.payload.ag_ratio)\nglobal.set(\"sgpt\",msg.payload.sgpt)\nglobal.set(\"sgot\",msg.payload.sgot)\nglobal.set(\"alkphos\",msg.payload.alkphos)\nreturn msg;","outputs":1,"noerr":0,"x":231.16667366027832,"y":89.66666984558105,"wires":[["7dc4054c.b3074c"]]},{"id":"a12b3801.1b9838","type":"debug","z":"6ca14e8f.5bc33","name":"","active":true,"tosidebar":true,"console":false,"tostatus":false,"complete":"payload","targetType":"msg","x":576.1666793823242,"y":116.66670036315918,"wires":[]},{"id":"62419318.db374c","type":"function","z":"6ca14e8f.5bc33","name":"prediction","func":"var token = msg.payload.token\nvar age = global.get(\"age\")\nvar gender = global.get(\"Gender\")\nvar tot_bilirubin = global.get(\"tot_bilirubin\")\nvar direct_bilirubin = global.get(\"direct_bilirubin\")\nvar tot_proteins = global.get(\"tot_proteins\")\nvar albumin = global.get(\"albumin\")\nvar ag_ratio = global.get(\"ag_ratio\")\nvar sgpt = global.get(\"sgpt\")\nvar sgot = global.get(\"sgot\")\nvar alkphos = global.get(\"alkphos\")\nmsg.payload = {'fields':[\"age\",\"gender\",\"tot_bilirubin\",\"direct_bilirubin\",\"tot_proteins\",\"albumin\",\"ag_ratio\",\"sgpt\",\"sgot\",\"alkphos\"],values:[[age,gender,tot_bilirubin,direct_bilirubin,tot_proteins,albumin,ag_ratio,sgpt,sgot,alkphos]]}\nmsg.headers = {\"Authorization\":\"Bearer \"+token}\nreturn msg;","outputs":1,"noerr":0,"x":339.1666774749756,"y":286.6666774749756,"wires":[["6f3a33b1.d7a59c","5b3c32f3.d1ee2c"]]},{"id":"6e02bd3c.c6d004","type":"debug","z":"6ca14e8f.5bc33","name":"","active":true,"tosidebar":true,"console":false,"tostatus":false,"complete":"payload","targetType":"msg","x":842.1666870117188,"y":302.0000114440918,"wires":[]},{"id":"6f3a33b1.d7a59c","type":"http request","z":"6ca14e8f.5bc33","name":"","method":"POST","ret":"obj","paytoqs":false,"url":"https://eu-gb.ml.cloud.ibm.com/v3/wml_instances/f012e427-0872-4b79-b98a-71e39e402311/deployments/ff1d6289-a89e-4602-a17b-67c1b9ed4131/online","tls":"","proxy":"","authType":"basic","x":537.1666793823242,"y":274.0000286102295,"wires":[["6e02bd3c.c6d004","edebe281.def9e"]]},{"id":"edebe281.def9e","type":"function","z":"6ca14e8f.5bc33","name":"","func":"msg.payload = msg.payload.values[0][0]\nreturn msg;","outputs":1,"noerr":0,"x":677.1666870117188,"y":414.66668701171875,"wires":[["51bc02ee.2ba52c"]]},{"id":"51bc02ee.2ba52c","type":"ui_text","z":"6ca14e8f.5bc33","group":"cbdcd7d2.41d198","order":5,"width":0,"height":0,"name":"","label":"prediction","format":"{{msg.payload}}","layout":"row-spread","x":872.1666870117188,"y":418.66668701171875,"wires":[]},{"id":"a0583ba4.d031b8","type":"inject","z":"6ca14e8f.5bc33","name":"","topic":"","payload":"","payloadType":"date","repeat":"","crontab":"","once":false,"onceDelay":0.1,"x":113.5000114440918,"y":298.00000762939453,"wires":[["7dc4054c.b3074c"]]},{"id":"d1a05180.a7cc9","type":"ui_dropdown","z":"6ca14e8f.5bc33","name":"","label":"","tooltip":"","place":"Select Gender","group":"cbdcd7d2.41d198","order":1,"width":0,"height":0,"passthru":true,"options":[{"label":"male","value":"Male","type":"str"},{"label":"female","value":"Female","type":"str"}],"payload":"","topic":"","x":86.16667175292969,"y":51.66667175292969,"wires":[["e538d39f.76269"]]},{"id":"e538d39f.76269","type":"function","z":"6ca14e8f.5bc33","name":"","func":"if(msg.payload == 'Male'){\n    global.set('Gender',1)\n}\nelse{\n    global.set('Gender',0)   \n}\nreturn msg;","outputs":1,"noerr":0,"x":247.5,"y":38,"wires":[["f828e383.28d46"]]},{"id":"f828e383.28d46","type":"ui_text","z":"6ca14e8f.5bc33","group":"cbdcd7d2.41d198","order":6,"width":0,"height":0,"name":"","label":"text","format":"{{msg.payload}}","layout":"row-spread","x":394.16668701171875,"y":47.66667175292969,"wires":[]},{"id":"5b3c32f3.d1ee2c","type":"debug","z":"6ca14e8f.5bc33","name":"","active":false,"tosidebar":true,"console":false,"tostatus":false,"complete":"false","x":550.5000305175781,"y":209.00000190734863,"wires":[]},{"id":"cbdcd7d2.41d198","type":"ui_group","z":"","name":"Input","tab":"1a0c74e1.d2c47b","disp":true,"width":"6","collapse":false},{"id":"1a0c74e1.d2c47b","type":"ui_tab","z":"","name":"Home","icon":"dashboard","disabled":false,"hidden":false}]